targa,tipologia
GC908BT,Sedan
QW182IC,Convertible
IZ258QI,Sedan
XW791AF,Coupe
BV342XU,Hatchback
QF431KF,Hatchback
ZQ111JE,Convertible
KF186HA,Convertible
FH008UV,Convertible
JH288DT,Coupe
WP163OH,Convertible
ZD197FI,Hatchback
HR629DG,Convertible
ZB104MW,Coupe
WK889EI,Hatchback
HR268TW,Convertible
JT924YY,Coupe
KQ087KL,SUV
XT394AS,Sedan
YX657AF,Convertible
IU452LR,Sedan
JW445YN,Coupe
YZ940FG,SUV
PC612OW,Convertible
DB222MM,Convertible
IJ050QF,Hatchback
PI682XA,SUV
YV985KX,Convertible
KX301XR,Convertible
ZM481ZC,Coupe
LZ027WM,Sedan
QC712QS,Hatchback
QH257CZ,Sedan
JS927MF,Convertible
FQ765KJ,Hatchback
CS257QH,Coupe
ZC954YX,Coupe
YA053ZG,Coupe
MX950KN,SUV
MY378LC,Convertible
TO656DH,Coupe
OG442UG,Hatchback
AZ507HF,SUV
VU661AD,SUV
VT272VJ,Hatchback
RL996XP,Convertible
EY747SK,Hatchback
DC020EO,Convertible
WU513QB,Coupe
JA031QF,Sedan
JC339BZ,Sedan
BN325IA,Coupe
UD919ZL,Sedan
RV156JP,Sedan
YQ172OH,Hatchback
KE704TO,Convertible
PS426EP,SUV
IE659KX,Hatchback
ZJ295UD,Coupe
ED809WD,Convertible
CB354WZ,SUV
VD247BM,Sedan
QB022DR,SUV
GF985XY,Convertible
KG777JD,SUV
FE923AT,Convertible
RR391RB,Sedan
OR039BK,Coupe
OK276DA,SUV
WX632QD,Hatchback
OB750PJ,SUV
OK600LX,Convertible
OE366JI,Coupe
MM245JV,Hatchback
CR875IQ,Sedan
QC209HR,Hatchback
NH815LT,Hatchback
BE121XA,Convertible
LQ409KT,SUV
NS056VV,Sedan
DV020SV,Hatchback
CW481BH,Convertible
ZF613NW,Sedan
RX290JW,Sedan
ZL887EA,SUV
HV047FO,Sedan
WW535OH,Sedan
HQ623JV,Hatchback
NW246LA,SUV
LC721NT,Hatchback
AQ502UG,Hatchback
AD372NV,Coupe
LX871WI,Convertible
WD239XX,Sedan
LN615ED,Hatchback
PX806RB,Convertible
OP054EK,Hatchback
EB177DT,Convertible
QI750SR,Coupe
IX193HQ,Sedan
ID613LB,SUV
RH624RE,Sedan
OL692PC,Convertible
ZA953RJ,Hatchback
TU423QJ,Coupe
NG247KK,Hatchback
VT410PX,Convertible
FY512YM,Coupe
NR463JQ,Sedan
RO923WW,Coupe
DX919QN,SUV
PP010TI,SUV
DV213HL,SUV
OW205AJ,Hatchback
QG347HY,Coupe
XD337WB,Hatchback
NX832XK,Hatchback
WU010JZ,Coupe
AG784WV,Sedan
UF333AL,Coupe
AD056BV,Convertible
AW491PF,SUV
BP723WN,Hatchback
RM937YG,Hatchback
FR050TO,Coupe
YD836ME,SUV
QQ327CO,Sedan
MC754WV,Convertible
IK509MH,Sedan
UL414HP,SUV
AQ875NL,Convertible
YU755MW,Coupe
ZH470NB,Coupe
NW712ZC,SUV
MQ777YP,SUV
OC578YL,SUV
PL209LW,Sedan
VD246FP,Convertible
JA432BX,Coupe
TV885ZI,Coupe
DB010YD,Coupe
LA549BR,SUV
GW050MA,Hatchback
IX635VP,Coupe
XI141YV,Coupe
LN233LG,Coupe
AZ134HG,SUV
PH819ID,Convertible
RP010ON,Sedan
PS388BJ,Convertible
GL077TC,Convertible
CY880ES,Coupe
XN174MX,SUV
LE438YD,SUV
NE381UM,Sedan
UO795GW,Sedan
DE711EP,Convertible
HY550FM,Hatchback
PP811UG,Convertible
PW557QX,Convertible
QN927UT,Convertible
CM859HR,Sedan
WO901PA,Hatchback
OI347TQ,Hatchback
JW453RL,Hatchback
IL655PJ,Sedan
GR404DK,Coupe
IE438OT,Convertible
SY919VU,Sedan
DU474EA,Sedan
DX358LI,Convertible
GR257PY,Convertible
XJ888TG,Hatchback
GK312BS,SUV
WQ599BU,Convertible
NN463AG,Sedan
TZ358QC,Sedan
CJ850MA,Hatchback
LM657NA,Coupe
MT871GN,Convertible
LJ259SO,Sedan
KL641FV,Coupe
IW162LM,Hatchback
VI333QH,Sedan
ZO605ZT,Sedan
GL947DE,SUV
QE023MJ,Convertible
LM134FO,SUV
MW914ZE,Convertible
XP999PD,Coupe
LW318MO,Hatchback
VZ283QF,Coupe
WG691YA,Convertible
GI899VB,Sedan
IP114AW,Hatchback
JM347YM,Sedan
WE135QR,Coupe
KY703OA,Sedan
CQ020LF,Coupe
RQ498NR,SUV
IK220WF,Convertible
DD174CX,Sedan
YD846PU,Hatchback
QR260ZB,Sedan
MI487CY,Sedan
JJ813YU,Hatchback
FG397VE,Convertible
FW594ZV,Coupe
UZ126IR,Hatchback
EU952YV,Convertible
UJ745TB,Sedan
BZ175PB,Coupe
CN950EP,Hatchback
SG614FG,SUV
NB122MZ,Hatchback
IZ736BI,Coupe
WJ813BH,Hatchback
KP798OT,Convertible
IE756QB,SUV
XA301PR,Coupe
IZ244NB,Convertible
UP338CI,Convertible
PD851RV,Sedan
NO343QN,Hatchback
AJ222NB,Convertible
KD406RG,Coupe
AR912GQ,Coupe
CI437FM,Sedan
CJ041GO,Coupe
QZ401TU,SUV
QL366YB,Hatchback
HE122HQ,Convertible
GY481WK,Convertible
PB196IV,Convertible
NB109HC,SUV
XF169WU,Hatchback
MX274SL,Convertible
GM674LG,Convertible
EX261ZG,Coupe
MV691YR,Coupe
JN957ST,Convertible
TC220HG,Hatchback
SA170WO,Coupe
UD232PF,Coupe
IB404AS,Convertible
ZK735BD,Sedan
JR954CL,Coupe
HD443AO,Convertible
NK035WM,Hatchback
WU038SW,Sedan
XX746TV,Hatchback
CY569SB,Convertible
SC418QY,Convertible
EO989GL,Sedan
HG619CH,Sedan
AE883NN,Coupe
PW083EP,Coupe
MW749RB,Convertible
LK992NJ,Sedan
JZ927AR,Coupe
WO672PX,SUV
BN809SS,Sedan
ES941ZY,Convertible
DT921AK,Hatchback
XK142TP,Convertible
XC071WM,Hatchback
VJ483MO,SUV
JK329FQ,Hatchback
MC966PZ,Hatchback
JH402LL,Sedan
BL159UY,Coupe
BS808RP,Convertible
JF548GE,Convertible
ZH822XA,Coupe
BE501AA,Hatchback
KK076HH,Sedan
EL900NA,Hatchback
XZ762YM,Coupe
CV088QE,Hatchback
YT859YD,SUV
RU659MM,Hatchback
MN915PE,SUV
EI762UR,SUV
AA953DV,Coupe
ZZ296AE,SUV
RF804XZ,Sedan
GR846BI,Hatchback
FH928PV,SUV
MC774KV,Hatchback
KK695YR,Convertible
VZ253CR,SUV
CG386KP,Convertible
QC894AX,Coupe
YJ720MX,SUV
YS026VD,SUV
JT556BG,Convertible
BU877UP,Hatchback
YW345WN,SUV
IL139QY,Hatchback
GF537LP,Convertible
OS407CP,Sedan
WB344PL,Sedan
HK050LL,Hatchback
FK749LH,Coupe
MV595VE,Coupe
XI900PR,Coupe
JO135YN,SUV
OQ918AL,Coupe
RA318HJ,Hatchback
UC088XI,SUV
KT302VD,Convertible
XP042AB,Sedan
MY633TK,Convertible
RL595WL,Hatchback
CP129KL,Coupe
DJ540OK,Sedan
KA722IW,Hatchback
VI682CN,Coupe
NF615OI,Coupe
PA179QU,Sedan
WM643LO,Sedan
ZX063VU,Sedan
MT640XV,Sedan
IX423WO,SUV
MZ892TM,SUV
AC640MD,Convertible
AN475SE,Sedan
GV098PO,Sedan
CO621SM,SUV
SI657PY,Coupe
JD123BJ,Convertible
ED301XP,Convertible
ZX320MK,Coupe
MW545NN,Sedan
VH768ID,Hatchback
CC748WG,Sedan
PC610BY,SUV
ZJ589KR,Coupe
VH826QV,Coupe
ER699KZ,SUV
QJ709QX,Hatchback
LN219YQ,Sedan
KL908KO,Convertible
UB476VK,SUV
GE522TY,Sedan
AB019RM,Hatchback
JC024YB,SUV
BT100GR,Convertible
WH574PQ,Coupe
CI081GA,Sedan
HY069QM,Hatchback
UC271JD,Coupe
HC503WI,Convertible
UH026HZ,SUV
KA004QZ,SUV
OZ343FV,Convertible
HH104JD,SUV
GF993FA,Sedan
GU557YA,SUV
EU307WL,Convertible
RZ746DG,SUV
ON049ME,Convertible
MB152QD,Convertible
QR746LS,Sedan
NH123EH,Convertible
VG508XL,Coupe
TW561MK,Convertible
AI985IW,Coupe
SE123IP,Hatchback
FF327YZ,Hatchback
KV840EQ,SUV
DS442SD,Convertible
TY720IK,Coupe
OI889CR,Coupe
NC633QQ,Sedan
WK031FZ,SUV
RK058XJ,Coupe
HX141NT,Coupe
AO574XE,SUV
PE987NK,Sedan
QE661FW,Sedan
KR191FZ,Sedan
DQ463VW,SUV
CG464NS,SUV
FP165RT,Coupe
YZ204FG,SUV
SA067YH,Convertible
XI091RF,Hatchback
RV903WQ,Sedan
PZ028FP,Hatchback
EW502OU,Sedan
SG152VS,Hatchback
UB027FT,SUV
YF681YM,SUV
HF296ZS,Convertible
FO484AI,Sedan
HL055AT,Sedan
PU074NZ,Sedan
BP767PN,Coupe
VD310HR,Sedan
BQ447ZN,Coupe
WY548ZM,Convertible
RD612BH,SUV
HQ880GU,SUV
BR076YD,Sedan
GC846LR,Sedan
ER894EI,Coupe
HU609LJ,Coupe
XB697FR,Coupe
TN492AX,Sedan
OX349IT,Hatchback
YG267FP,Hatchback
LV731OF,Coupe
QB597FE,Sedan
IL674FC,Convertible
AS077IR,Coupe
DV674JA,Convertible
AR175WX,Convertible
VM660EE,Hatchback
JD643WH,Coupe
TM513TF,SUV
DF886PI,SUV
KS562CU,Coupe
GI050CT,Coupe
CH047TU,SUV
TY382VB,SUV
EH685VI,Coupe
PV731JZ,Hatchback
GW515XO,SUV
UE427VL,Convertible
PK444BE,Convertible
IM457PC,SUV
PG744AY,Coupe
JE401UO,Convertible
TL391CO,Sedan
YU634BV,Convertible
ID865BP,SUV
UE120CD,Sedan
TA627AF,Convertible
VW251ZV,SUV
AH571YS,Convertible
BV960SW,Coupe
QJ592ND,Sedan
IA610OD,Convertible
GA444YO,SUV
XZ235XV,Convertible
KP321UL,Convertible
XD365ZD,Coupe
OX556OW,Sedan
SS389YC,Sedan
NW903XW,SUV
MX230NK,Convertible
YO873JY,SUV
LK768YK,Hatchback
CE179WS,SUV
AT605WL,Convertible
WA783BE,Hatchback
WW638FW,SUV
BN404HY,Hatchback
KL890VX,SUV
RA310SB,Sedan
GB475YV,Sedan
GG207GD,Sedan
TV546WM,Convertible
FE746BP,Coupe
DP911XG,Hatchback
HQ193LZ,SUV
WB917QY,Coupe
CM038FQ,Convertible
XI603FG,Coupe
BS352YD,Hatchback
CS474FJ,Convertible
FP634HY,Hatchback
JS733MP,Sedan
LB422NR,Sedan
QF314PI,Convertible
AP293FH,Coupe
EV792QK,Hatchback
BR329IX,Hatchback
OV587IP,Convertible
AI867NJ,SUV
BQ073OR,Sedan
BF081GW,Coupe
VR446GR,Convertible
LD673ZB,Sedan
MZ688FT,SUV
MT743UH,SUV
VS103NV,Hatchback
ED614ZY,Convertible
FL449RF,Hatchback
KF701FH,Coupe
WY354LX,Convertible
NM238IU,Sedan
DD463CF,Sedan
HY069OI,SUV
NF414KB,SUV
TN784HX,Sedan
IZ223GM,Hatchback
IH291YC,Coupe
ML720HN,SUV
BU764US,Coupe
LP845WO,Hatchback
JX354AP,Convertible
CT075DZ,Coupe
BB393VI,Sedan
WZ758QN,Convertible
BO605EQ,SUV
MP082GW,Coupe
BA096RS,Sedan
CQ137BD,Convertible
CE330XJ,Coupe
RV507UF,Convertible
ZS540LD,SUV
ZM626QM,Hatchback
KT272IQ,Sedan
DL299MM,SUV
JT664FW,Coupe
WD733OL,Coupe
QY085TX,SUV
VB507CT,SUV
CE300TZ,Hatchback
EU981EW,Coupe
ZT443HN,Sedan
BM415TG,Coupe
YI836ZP,SUV
BW536LQ,Coupe
AX060GI,SUV
QJ202WV,Coupe
WO197DO,Coupe
JF397KZ,Convertible
YX465AG,SUV
ON326ZA,Convertible
YK738CO,Hatchback
ZU218YD,Convertible
OA788FM,Sedan
ED020OH,Coupe
QG853XU,Hatchback
RL055SV,Convertible
SG982CF,SUV
HN637WN,Convertible
UJ279MV,Convertible
EO640DG,Convertible
KK902EN,SUV
YU652OZ,Sedan
WW421ZO,Sedan
JB963MI,Hatchback
WU911PQ,Sedan
IR229ON,Hatchback
JX771JV,Hatchback
MI424LX,SUV
JD244JE,Hatchback
MQ046NF,Coupe
ZT603YG,Sedan
ZF098NV,Hatchback
GX308LX,SUV
YH081EO,Hatchback
MH044AZ,Coupe
MJ094MW,SUV
YA053RV,Coupe
SU541YA,SUV
ED614TE,Sedan
YU124QW,Sedan
IP712MC,Hatchback
RY373NU,Convertible
EL340SX,Hatchback
IE620LC,Convertible
IT147RK,Convertible
MZ680CU,Hatchback
EW831CC,Convertible
ZC376LI,Coupe
VE463JD,SUV
DH453MP,Hatchback
WW043QR,SUV
ZU409RC,SUV
WY068EI,Convertible
VF939DR,Coupe
MT900WV,SUV
EA490CK,Convertible
LS579PQ,Hatchback
UW474UF,Convertible
II179YC,SUV
GT571KV,SUV
TI405UT,Coupe
PS190LM,Convertible
TN235IG,Hatchback
FG278WS,Coupe
GG665TJ,Sedan
GM556AN,Sedan
IH247BT,Convertible
RE972GG,Hatchback
SA249KN,Coupe
OD163GS,Coupe
LO358WQ,Hatchback
MB010UE,SUV