1,KLRWWP01Y755J,Richie,de Glanville,3/26/1974
3,YPZIKY48N059C,Sofia,Beasant,10/13/1985
5,QPZATO40F744P,Emelen,Barwood,8/3/1964
7,UWNNIK92K258L,Modestine,MacKibbon,3/15/1980
9,AODLJI47G545V,Rycca,Chelley,4/22/2002
11,GAEYCI11E517G,Anabella,Gallaher,11/14/1976
13,PUXVLD49J510V,Amery,Colchett,5/21/1964
15,MGNOGW20K767R,Kane,Stork,11/27/1969
17,GILYUA70H140E,Thornie,Aulsford,10/7/2000
19,GNOCWU00G071C,Sheila-kathryn,Sainer,7/7/1990
21,RFMONK64U665M,Robena,Toller,9/21/1963
23,CJRDDI71A991N,Chalmers,Farrell,1/31/1996
25,XBQVZB78Q095Q,Rex,Edmondson,4/18/1966
27,EKIUWA98C853X,Gunther,Priddey,8/14/1971
29,XGTSPR72U497E,Lynnea,Wimpress,5/25/1964
31,BUKGIK53T145B,Adriena,Vanyashkin,8/17/2005
33,DWGWIQ71C540N,Bret,Prestland,6/16/1990
35,BLSJBV25S447L,Redd,Hedditeh,7/13/1970
37,AHSFIZ83H105R,Chloe,Haisell,3/2/2004
39,OVSXGJ80Q878L,Zerk,Ashmole,5/26/2005
41,FLXYUY73O701H,Carolyn,Hanny,2/8/1992
43,LMMJAH44I739I,Ulrick,Appleton,5/23/1963
45,FADULS04C172R,Isadore,Middis,7/20/1963
47,ZFFYRZ66U717O,Joelynn,Phalp,4/22/1979
49,XSLFYG62H933O,Theodoric,Selcraig,8/9/1985
51,QKJKMV25T762S,Hayyim,McInally,12/15/1993
53,LQGWLK01N648Z,Rani,Craggs,10/7/1994
55,HMAWYH37A302U,Sydel,Wadelin,12/8/1993
57,QXVQJW05P720G,Devin,Sodo,3/24/1994
59,PWLSAY68X341G,Yancy,Shelborne,10/25/1995
61,QRNGNF04Z657A,Beniamino,Cambden,12/30/1976
63,SDZLAS66P717K,Calli,Bedham,12/13/1997
65,TZRLIF74Q292X,Zsa zsa,Cameron,9/25/2001
67,TAMUVL36S769C,Jordanna,Halleday,1/30/1970
69,JWMHFD79Y821B,Nannie,Pavlata,2/19/1980
71,PXZEUH31A852B,Barnabe,Simione,3/11/2003
73,PSGRAG09Y613O,Cornela,Stollman,12/20/1975
75,FQBXUH61D635O,Lorine,Holdworth,9/3/1974
77,GBAABN74T444P,Hugh,Menhenitt,5/3/1973
79,DXBAMZ61B437V,Eustace,Juste,3/7/1961
81,QYLEPP93J042C,Bryana,Gerring,11/12/1972
83,WBCHSN38P299J,Joycelin,Thewys,10/7/1986
85,IDQFKK25W261L,Chadd,Chasmoor,4/19/2000
87,OGCLZJ61V098O,Gardie,Langstrath,5/6/2000
89,EHMXXR51X862L,Tisha,Beakes,4/29/1969
91,STTGVX67O501J,Jodi,Burehill,8/26/1976
93,UKPCYZ40Q584V,Brantley,O'Reilly,8/19/1992
95,TWUDFL03Z361R,Tatiania,Tildesley,11/6/2004
97,ACRFJG42E036I,Meagan,Slocombe,5/20/1970
99,RZAZPT43A978S,Griffith,MacLaverty,9/24/1986
101,JYXNCR21Y643G,Alec,Ghidini,5/29/1999
103,SMQDBR89E149L,Agosto,Reily,4/17/1973
105,QBFOZR35G540R,Cynthia,Collishaw,11/6/1962
107,OETYUC79O724F,Bab,Ridgewell,12/20/1997
109,GCJOKB09T389F,Torre,Battill,8/27/1974
111,FZVIMY63L449Z,Emlynn,Flook,4/2/1998
113,IYYRFK66E286G,Nap,Berk,4/28/2001
115,GJCIKF12E250M,Craggy,Franzewitch,1/1/1968
117,DTFQJA13V805V,Angeli,Ablett,1/28/2000
119,ZOZVIY18W620X,Twila,Norway,8/25/1965
121,TCZCUH63Z660N,Beret,Varnes,11/3/1967
123,WHTWTW43S671Y,Raquela,Elford,11/28/2005
125,CCSIYE37V775Q,Edithe,Hudleston,2/9/1990
127,GKOLSY29K777K,Franny,Wrightim,11/25/1965
129,QPOPIE71N502X,Kelcie,Ferminger,12/5/1962
131,RGYJFW83W017J,Evangelia,Skill,1/15/1971
133,TVCLQJ03S892K,Buffy,Greenrde,5/10/1982
135,RNECOJ67H260K,Shirl,Reaveley,2/15/1979
137,OPWAYB91R533G,Munmro,Ewbach,3/18/1985
139,MEJKCX15F455R,Antoinette,Scudders,3/20/1992
141,HRNSBA06N969Z,Alistair,Allatt,1/12/1972
143,SSUMST79D129P,Marna,Gerb,2/24/1994
145,XSNYVX07M724T,Olenka,Braisby,6/2/1974
147,BMDDCN03Y901X,Englebert,Dunlop,12/7/2004
149,COZQTB07O759L,Cary,Hosten,7/6/1980
151,VBKLHA36Z733Z,Cory,Blackaby,3/6/1962
153,CCRTNG77H474G,Almira,Van der Hoeven,4/15/1967
155,ZWHQTW37H138F,Dewey,O'Sharry,4/7/1967
157,WQTEKT07W270V,Isac,Lever,11/3/1999
159,YDVUTJ80J974I,Darice,Bilborough,7/23/1961
161,PCYXER57Y331I,Deane,Ashbrook,5/25/1991
163,ADEENU75I401O,Trstram,Fernandez,5/8/1993
165,QYMZAE20N990I,Mavra,Packe,6/11/1983
167,UCBSSL43B867V,Tymothy,Cowdray,4/4/1998
169,CSSXYN75K929W,Jens,Rizzelli,5/24/1996
171,ONOSFZ67X953K,Beryle,Lorant,2/20/1988
173,RUUSOH88W930L,Belle,MacTerlagh,7/18/1995
175,EDRAGQ80Y211J,Timothee,Garnsworth,12/25/1963
177,EHEYHO98L164N,Cynde,Danton,2/24/1986
179,ZIHVXJ82C434L,Elijah,Freschini,11/22/1963
181,GMQYCR16S023Q,Buck,Pittwood,10/13/2001
183,NSRHDJ75C773Q,Jerry,Trundle,3/31/2005
185,JOIONX51F792S,Padget,Siemons,8/18/1995
187,MKMLOB01N848U,Reggis,Moulster,4/10/1990
189,TECUGX38O839Z,Novelia,Crole,11/25/1969
191,VOGOJU15J737T,Gian,Boncore,8/2/2002
193,TMCDRW48P166V,Josephina,Brosius,8/10/1961
195,NZPORR22M364A,Allin,Meus,1/11/1970
197,MWNBRH62M857U,Vicky,Cases,9/7/1966
199,AZKSLO38V708T,Rhodie,Ondrasek,8/4/1998
201,DXZIFV78R999E,Gilly,Gostage,3/14/1961
203,PPYQJM56Y709S,Jackqueline,Roullier,7/16/1982
205,AXPCBU43N475H,Isobel,Alfonsetto,1/7/1997
207,OZCGGA62Z706E,Umeko,Trevena,7/27/1984
209,AGKJGI90G855R,Anjanette,Theobald,3/20/1974
211,ZNYEUK13P156N,Thomasine,Ezzle,12/24/1965
213,SNDOTQ99Q608G,Marga,Donohue,5/2/1962
215,SRJUJF29K058D,Davey,Baldcock,9/20/1984
217,RJPXSP35H775O,Minetta,Cotterrill,3/2/1962
219,EXTQSX13H947H,Golda,Clery,11/28/1964
221,XXKNQZ44Q988A,Elbertine,Vear,4/2/1969
223,UDJOVV84Y455Q,Krystyna,Hatrey,4/8/1998
225,CGFJQD59B703O,Tressa,McCloughlin,5/19/1978
227,TOODRA82C945Y,Cordey,Schach,12/11/1970
229,CPHCOT28V216C,Adamo,Coare,12/21/1968
231,ECQPOU38S913O,Gabriela,Aguilar,8/18/1974
233,JGAOFW22K159U,Shara,Chalder,2/19/1973
235,HDALGP08M077D,Austina,Dulson,2/25/1979
237,VVRCUV97C444W,Reiko,Cuncliffe,3/31/1981
239,TIHVMY29S824X,Augustine,McDonogh,6/27/1988
241,ARPEGI28R089N,Anastassia,McIlwreath,1/27/1992
243,BFPCZC83E019T,Mick,Potteridge,12/24/1968
245,QCXIFI85M122U,Zak,O'Doghesty,11/15/1975
247,BWKCFZ93X051H,Karlee,Edgeler,12/20/1966
249,VAJBGD21D713F,Shaun,Fedoronko,4/2/2000
251,RBSHJS42O915Z,Alyssa,Mc Gaughey,3/20/1971
253,MLCCBW66G711J,Lewie,Curzon,1/28/2002
255,CCMZAT58R657X,Sky,Chaudret,9/22/1969
257,NIFVOT07W468W,Ediva,Buxam,5/19/1998
259,QPQPWS91M679M,Pooh,Bodman,10/16/1979
261,EEXTRE82H288Z,Janeta,Hannond,6/10/1989
263,LBOTOQ31N475P,Jeddy,Worshall,11/15/1986
265,EBKEYS33K800V,Klarika,Berre,11/6/1961
267,GMUQZQ92N144M,Chan,Scholl,2/11/1989
269,URQJNX90K454J,Chickie,Ruthven,6/29/1975
271,CFEVVW22I936H,Othilia,Stenson,9/17/1991
273,IQJVQT21K162W,Aurelea,Ohrt,10/17/1989
275,PATAWP42I771R,Dulcia,Strooband,1/2/1974
277,SHKYYC63U560S,Berke,MacNalley,9/9/1986
279,GOSGPJ18R918O,Ring,Drohane,1/4/1987
281,KQUPLB23P876E,Bettine,MacGillicuddy,1/2/1993
283,PHSUSP37Q016R,Zsa zsa,Jeacocke,12/4/1988
285,LRIUMY33D337I,Clementine,Mattaus,11/29/1975
287,XQGVJA43E812S,Bernadene,Belliveau,12/27/2004
289,HXWUUQ34W055R,Dorree,Gamell,10/4/1971
291,ISBSUT59C555Y,Carling,Brice,5/7/2005
293,ZVRUIU82R755T,Becki,Battleson,3/14/1989
295,LGPJJQ21P570E,Babbie,Doick,5/19/1972
297,YQKEKR24K084Q,Beaufort,Wink,4/29/1976
299,IKBZMA64X739F,Waring,Dumphrey,5/5/1961
301,RLHABH84W246E,Maia,Darnbrook,3/4/1970
303,AYERYS65X740L,Pernell,Fantonetti,8/25/1964
305,BBCVBS48N759S,Hollis,Bramich,4/30/1960
307,RZBZEM25J962P,Tim,Jacobssen,9/21/1977
309,FJSFVA45P107U,Britt,Gascar,10/1/1979
311,BWUXHL25M553Y,Kathy,Lake,2/16/1986
313,YCEOIE33G831Z,Leola,Vivians,10/4/2004
315,ZPCDYV64D172S,Marita,Matashkin,10/28/1963
317,GKRTMK95E909P,Patrizio,Sargent,3/9/1982
319,ZRCJPV57O865X,Peadar,Izchaki,5/24/1964
321,FKWYOY62O321Z,Anne,Fitzer,11/1/1967
323,GLJELU42Q754N,Ingamar,McKnockiter,6/6/1962
325,EZGLRG70N276Z,Michelle,Staff,6/30/1960
327,DRNBSL99S971T,Dougy,Stowers,4/11/1985
329,OTBCUT24Y567G,Tally,Reichert,3/9/1988
331,MAGQBN35H774B,Fairlie,Domelaw,5/13/1995
333,OVEVWR43B085D,Klarrisa,Guillerman,6/25/1988
335,OQZFQL78P186V,Merlina,Kirsche,6/30/1961
337,PPFSZN45K565Z,Idalina,Fasson,12/1/1968
339,RCCCPF23E179W,Philomena,Garred,1/22/1966
341,SBHDDD79P191U,Bernardine,Acreman,11/15/1993
343,OYNKOZ71D355L,Laurie,Collough,6/15/2004
345,WXORPC45E075P,Chicky,Tinn,4/19/1978
347,STYWJL00J345U,Niven,Adamovitch,7/1/1976
349,OISDGK81D059V,Heindrick,Idale,8/19/1960
351,NYQLJQ38N878X,Kippar,Foucar,3/5/1965
353,CPZUBH04Q762V,Jana,Feldharker,10/7/1995
355,LRFPTP88Y916E,Jeramie,Vasyunkin,8/30/1985
357,TXYGGA46Q635B,Lillis,Colliard,2/10/1988
359,BEPPJN92D463F,Vita,Percy,3/16/1972
361,UUOBUF14G339Q,Cesaro,Morter,10/26/2000
363,RGNSZG47I708X,Fenelia,Dignam,3/28/1999
365,EQSOUP46L599U,Flynn,Cayette,3/1/1966
367,ZULVLT22B032J,Ros,Rasell,9/26/2002
369,WWUTTX27O642Z,Crista,Newland,3/17/2005
371,JTDVNX36R299X,Ailey,Brumbie,7/1/1994
373,IYSFCE71C589R,Violetta,Lerigo,7/17/1982
375,NGRXYO78L494B,Whitaker,Pabst,11/16/1978
377,ZJKDDD30F498X,Laurette,Causbey,4/20/1977
379,ZHZKJR74O675O,Haleigh,Steen,12/28/2004
381,TBNYCF22T566I,Verena,Lark,8/10/1965
383,OGJXNS43F652I,Mathew,Corbert,12/11/2002
385,HEFJMG20M117O,Valaria,Koppelmann,5/11/2004
387,SISEIY22J277T,Marvin,Ovenell,3/27/1992
389,DTZKOL45Y501F,Ddene,Eakley,2/22/1991
391,XTCSDJ15P448T,Randal,Treswell,8/22/1978
393,ZKQDZA55B442G,Patin,Legendre,4/3/1998
395,WSUAFW65P564B,Sherri,Pattisson,7/15/1965
397,TYJILV56I060N,Jsandye,Renneke,2/3/1986
399,PFEOJA25T009J,Becky,Cleave,9/2/1977
401,BFTSZJ44Q884C,Hermina,Lade,9/14/1981
403,SOAXDM42V719R,Matthias,Gurry,9/4/1978
405,QELEXT61G892H,Kingsley,Walley,10/9/1965
407,OKSZKN83A895U,Gretchen,Featherstonhaugh,3/9/1990
409,QMNCCG94G451A,Ugo,Wadie,2/4/1986
411,LJBDRR61V135C,Mady,Clacson,8/7/1982
413,TVWXED44V602S,Grazia,Frise,12/11/2002
415,VCCHGL43U420Z,Warren,Folke,8/6/1996
417,EHTRLI91F197R,Darcy,Durran,12/18/1965
419,ARKUAN33G120F,Meg,Godspede,11/24/1990
421,JEPIAI23T845G,Jorie,Babber,11/30/1968
423,CFMIJH67T294T,Babette,Ducker,12/22/1999
425,GDTFUO55L972W,Carita,Speak,4/29/1983
427,KOJNQR53K333F,Josy,Whodcoat,6/24/1977
429,XTTZYH83B839R,Emalee,Twittey,10/13/1963
431,YJTILU25Q068Z,Marshal,McCobb,6/10/1987
433,LGROQP06V337K,Ofella,O'Heyne,4/20/1961
435,XFPMJM97O263H,Leanna,Hinemoor,5/29/1964
437,NIQKSI16O552J,Sean,Tollmache,1/8/1982
439,RCFNAD77E775A,Ketty,Galgey,3/4/2006
441,NGHENG57H452L,Raphaela,Scuse,10/30/1982
443,HKSJZM55Z112D,Torrance,Tuny,5/24/1970
445,UCYBGR69W924O,Clemens,Chiese,1/21/1987
447,NRQVNV20H712X,Antonietta,Bullent,6/29/2001
449,JBKIEP91F358T,Francis,Gaffon,7/29/1990
451,KGEIGS24C351O,Raf,Simonyi,9/29/1969
453,VVHWJH52B533R,Jorgan,Pilley,8/17/1995
455,CTRNJP56E178O,Maximo,Tooby,6/9/1980
457,HRDYZE92Z669Z,Tani,VanBrugh,8/22/1966
459,IPKBNS94V524F,Zelda,Healy,3/26/1995
461,YAZZET66C327G,Geordie,Maddie,10/20/1983
463,DAOLIL63K592Z,Leonardo,Trye,11/21/1999
465,PISBKO18U893G,Tamarra,Skene,4/28/1964
467,UGBTRX85O136I,Cindi,Betke,8/14/1989
469,USGQHJ83F807G,Marci,MacAirt,4/8/1992
471,HDKKAG20C871X,Loralie,Ruslinge,2/28/1994
473,VSDJVO86P014D,Bart,Buglass,1/6/1961
475,IDSVRS78X134Q,Montgomery,Ferfulle,10/2/1971
477,CJJKVX39T123H,Theo,Edland,11/7/1970
479,CMHWRZ07P065C,Avivah,Bonhill,10/17/1991
481,QRFHMT07I185O,Aurore,Faber,8/17/1971
483,BREIHH74N814I,Clayton,Domenici,2/26/1985
485,VUHNMP54U739K,Tabina,Devin,6/19/1997
487,VBGNWK36C921B,Rinaldo,Mussetti,4/19/2003
489,GTYJWM86M883Q,Auroora,Tartt,1/30/1971
491,VUKPXK67R106S,Prissie,Delort,9/19/1995
493,CDMZRZ98H734D,Ali,Evitts,3/2/2002
495,FONJXL66D981X,Madge,Woolens,4/29/1996
497,EACTUN36V027W,Dolores,Cherrett,11/2/1994
499,VKDCFO40W961O,Phaidra,Nolot,1/1/1994
501,QIWSPG66T488H,Gaby,Delagnes,4/5/1996
503,IGBVPQ13U420D,Patricia,Cheverell,2/20/1983
505,BTMOMP72A240C,Lauritz,Manketell,7/23/1988
507,DNKCKT51C292K,Judy,Brendeke,1/30/1967
509,HTJGFU73F796M,Steffen,Rampton,2/5/1986
511,QORGGZ13E512B,Nico,Dudny,9/15/1984
513,OGJZKB31Q635L,Prissie,Goodwins,10/19/1971
515,QJWATX96T911K,Jamaal,De Lisle,10/27/1960
517,BGRWEA55J237J,Rachele,Carlozzi,1/31/1993
519,HMUFKF66J712H,Harriott,Lisamore,9/18/1971
521,HHKCNZ53W737L,Prinz,Coombes,9/30/1988
523,VQKPVW12Q505G,Hadley,Garrand,1/20/1985
525,LFYSZR97J045I,Mildrid,Wyre,12/20/1988
527,JZQSXO65J945V,Simone,Summerfield,1/1/1965
529,PUPKDU51H499I,Claudelle,Barczynski,9/22/2003
531,ZMRRLZ32P839M,Suzann,Rozsa,8/2/1963
533,DMHWWI44E103W,Benjamen,Kemmey,9/8/2005
535,UALRML38S240U,Lucilia,Helin,10/4/1969
537,OQKQXK80N621U,Shelba,Von Welden,3/31/2004
539,FYAUCG91G894X,Lazarus,Tarver,11/14/1991
541,JAVESW27B693B,Gifford,Chillingsworth,2/12/1963
543,KQCHEC13F590B,Marylynne,Excell,5/9/1989
545,ZUREBQ44B811C,Base,Wyss,10/20/1963
547,ROYQRV26A397R,Cinderella,Kenlin,11/15/1968
549,MAQJBI05L523I,Shermy,Bellow,4/22/1985
551,DYEAMC89U480K,Colleen,Gokes,3/4/1974
553,DUVCTG28T913V,Caddric,Nusche,5/3/2003
555,CAHTYQ71C455V,Tucker,Rubinlicht,5/13/1995
557,PXMFKB67R850L,Yolane,Malpass,9/2/2005
559,GFOKDF88M181O,Gordie,Fitch,7/3/1992
561,NFARKT90I575W,Pearl,Tomadoni,6/5/1991
563,ISTJNJ56O007Z,Xena,Bengle,4/18/1983
565,XPNELJ17U660Y,Bianka,Grzelczyk,8/2/1996
567,STSCOT68F591Z,Nora,Robe,9/23/1999
569,CFMMOH97T938I,Carver,Castelletti,8/19/1964
571,JZERFA27X776V,Minny,Davet,8/16/1970
573,XBRKAA51T047J,Zollie,Hasely,3/5/1986
575,ZWYZCZ58X455G,Suellen,Kinnar,1/31/1981
577,RBUHFG37I865D,Klemens,Peirazzi,6/7/1976
579,KACAWN73E313E,Lila,Vass,1/17/1978
581,KWQQNB78N063R,Dore,Belford,3/30/1992
583,QFEAIW86B803H,Gae,Whitcher,10/10/1971
585,AWJLZZ07G097Q,Derwin,Duggon,11/21/1977
587,OEQGBG81J296W,Idell,Cammocke,2/10/1982
589,YAYYTV96A329L,Jasmina,Firebrace,6/30/1996
591,MOYQPO76X299Z,Wilow,Carless,2/27/1979
593,JZCDCS63R504J,Ermanno,Annakin,4/23/1990
595,ICOBUS52O125Y,Anny,Roote,4/2/1980
597,KCDYCM43G333E,Angelique,Matresse,5/21/1961
599,NWFMZA88L686A,Jarred,Doidge,3/14/1976
601,HHWLGR72E009T,Colas,Jakeman,4/29/1961
603,KZHYER80F482N,Carlotta,Keightley,12/10/1992
605,OFDTFZ45Q583D,Lorinda,Stoltz,1/13/1980
607,VZKGWM83C578S,Batholomew,Chichgar,7/31/1961
609,KOWDSZ93W737B,Alikee,Cammish,12/23/1996
611,BAJHHH06T820G,Noel,Leamon,8/24/1985
613,KJBTIJ33E816N,Clarita,Ghent,3/23/1990
615,FQBCDE44K461Q,Alisun,Ebbs,5/14/1976
617,ZYQTIZ14N209F,Orville,Colpus,7/10/1969
619,NTZHZF13F800N,Giacinta,Asty,7/29/1988
621,ZNXMZQ75E373W,Dilly,Oki,4/13/1979
623,SDOPKT88Z237M,Edmund,Collidge,12/6/1978
625,UKBVTX47Z220B,Sly,Tree,10/23/1981
627,KWNVUD93F476M,Noelle,Goodbanne,2/1/1975
629,RXXRQG81I714F,Nissy,Muzzini,11/19/1961
631,RIMUCY70W420W,Shanna,Marl,9/7/2000
633,GZDLRX56V183F,Joella,Hiseman,9/3/1983
635,RPPUOS30P315D,Andria,Dake,8/26/1968
637,OGKFZE72M796K,Magda,Yeudall,10/1/1980
639,JMYWLB92S986M,Jamima,Richardes,1/20/1983
641,EQNIQV21Q687W,Marcile,Brazier,2/25/1962
643,MHWQZE70Y761H,Teresina,McCrackem,10/9/2002
645,DSJPNZ96H465V,Maurene,Garrique,8/7/1995
647,YJXUUR36E056A,Jsandye,Stonary,12/12/1965
649,WJPAMO58V962P,Torrence,Kitto,11/9/1997
651,SIPBCX79C414E,Nada,Corter,9/10/1962
653,FKOALO18B672U,Elladine,Everill,7/11/2003
655,NPBUDM23A580F,Gusta,Raoux,9/26/1986
657,CAOYUQ62T405H,Marcelline,Exroll,3/11/1971
659,QNVUFP54J254C,Brigham,Milillo,8/28/2000
661,ECVCXW38K806J,Helen-elizabeth,Riseam,3/1/1962
663,XWKLXD77W385F,Nada,Burkill,5/15/2005
665,VNECMP43T028A,Lucina,Francescozzi,5/14/1974
667,ELTPPG27R294G,Julianna,Cahalan,10/6/1991
669,DMKZBR89G920Z,Darbee,Taplin,7/9/1974
671,XGXCXW82W135N,Jessie,Nickolls,7/25/1998
673,UVKELP22O504L,Anthia,Paddy,7/28/1999
675,WTREBU21I701M,Angel,Lachaize,11/4/1984
677,ADKYMT68R127I,Far,Dodshon,8/1/1996
679,WMSDYS11I223E,Merlina,Campione,4/9/2003
681,UKRCLM40H535W,Bradney,Hucknall,11/23/1987
683,IKAXET97N243E,Zebadiah,Matheson,4/22/1986
685,VFMZFD95P369N,Duane,Allkins,5/4/2004
687,NVQKIU76Z449M,Stoddard,Daish,7/9/1988
689,EZUAHP31M784J,Jeanie,Rawlison,11/9/1978
691,XYVOVU94S527Q,Persis,Tilney,8/9/2000
693,ZKIWYA58E179A,Lauren,Gosnoll,9/24/1990
695,NSSAWR63F229X,Antoinette,Zamudio,3/7/2003
697,IZKCPO77B488J,Hildegaard,Stickins,4/27/1981
699,WEFWSN70C278K,Thedrick,Ghidini,6/8/1990
701,KHDAUT36D556H,Fred,McCoughan,2/4/1979
703,BJOUJN16K116V,Caterina,Wolfer,1/25/1986
705,QQONRN28H500P,Elton,Cano,9/27/1995
707,ZQNXDU31P007C,Shir,Covely,12/8/1993
709,PYSKCO90F464M,Fanya,Craise,10/14/1972
711,RJPIJM52Q084P,Estele,Bambrugh,12/10/1999
713,QDXWJY56V049X,Helli,LLelweln,11/4/2003
715,QZXREP17J315E,Rozanne,Filasov,3/12/1984
717,PGPFGG97H190X,Ronni,Horry,8/31/2004
719,TAFWLD42S898R,Sidonia,Helling,5/26/1997
721,ORDOXC33G452T,Nikolas,Nancekivell,10/3/1966
723,OHWSRX58E318K,Gene,Temblett,3/20/2002
725,CSEDEP46N498A,Karalynn,Rosensaft,9/30/1963
727,XKXGQQ72X822P,Cymbre,Arnet,5/28/1962
729,EHKGXU02A716V,Shara,Leeves,12/28/1989
731,ISXLQI39U592I,Hussein,Craxford,5/3/1998
733,TLKIIL75R639W,Geordie,Pavlovsky,1/31/1974
735,IIMJHY07C348F,Calypso,Valintine,11/16/1979
737,TCZZNY54L868I,Atlanta,Gajewski,8/11/1994
739,DUEBSK38K663N,Marysa,Ponter,6/23/2005
741,LJYTWW60J943F,Jasmina,Dutson,7/19/1999
743,CONVHM56L855E,Web,Janik,10/4/2001
745,YYKCVY06S453L,Junie,Dykas,2/8/1988
747,KOCPKP58A030E,Ambrosius,Theuss,8/10/1998
749,TPLUTE48S950O,Diandra,Enrico,12/8/1990
751,WPZUDR28H905Y,Levi,Hailwood,12/8/2001
753,WGFGYX94I883P,Carmencita,Sperwell,5/9/1997
755,OEOHDI92F537Y,Fleur,MacLeese,3/1/1989
757,KBEHYG87Z932Z,Brietta,Uphill,1/15/1983
759,OTLOHC75E139W,Teddie,Rowbrey,3/15/1994
761,TQAFUD27S569Q,Filmore,O'Sullivan,6/1/1992
763,EVKYBT03D578Z,Arlyn,Farady,9/26/1974
765,VBQPHP52Y647G,Sarge,Hickisson,5/5/1995
767,KPTUTP09K481K,Eunice,Swinfen,9/17/1963
769,IDUFBB71D527R,Dulcie,Lucey,6/26/1996
771,IAESMR83N596W,Nomi,Patrono,6/1/2003
773,ZMIZHZ83Z405I,Cobby,Burrass,6/9/1982
775,CVPXRJ52U031P,Dorene,Donoghue,2/8/1996
777,IUBRQD25I114B,Esmeralda,Glynne,2/21/1987
779,XIEFGV23D218W,Russell,Dhennin,1/7/1967
781,QLMRAJ84K606E,Tandie,Shearme,4/22/1966
783,CNYVUC61E669V,Jack,Terney,5/11/1968
785,GARSRD27E344B,Alvinia,Daton,12/4/1965
787,RJWRFX24S732V,Mandel,Asman,7/22/1993
789,XQYNLW77T921K,Jennette,Packington,5/31/1994
791,JHAVOH72R032Z,Yolanthe,McMonnies,7/26/2002
793,VHHAFM86A853W,Edith,Colquhoun,5/23/1999
795,WJVGDE70Q868Q,Laurianne,Beel,6/9/1996
797,ZWBBLM18B621E,Sabra,Curedell,6/10/1998
799,OESINS17C645W,Audy,Aveling,7/6/2002
801,DQOSOQ87N060R,El,Dowse,2/19/1974
803,TSCJPX57O977X,Ned,Eric,10/21/1972
805,VOMMPC86H500N,Sherm,Artiss,9/4/1977
807,IOZGFI99V956L,Stan,Petto,11/18/1988
809,GGRPHU92H815Y,Elbertina,Kasbye,3/19/1976
811,RIIYTD28P449M,Kordula,Gounod,9/13/1978
813,JQMWQP51K512E,Sherie,Lithcow,11/1/1977
815,LYINZF18W467L,Malynda,Bovaird,8/16/1969
817,IWCECO05F763E,Leonerd,Matt,8/15/1996
819,VSLWMO38Q833X,Clarissa,Crosetti,9/21/1970
821,THEQFX07A402S,Izak,Shallcrass,4/16/1971
823,AIDZFD69U155V,Phylis,Pandey,9/30/1977
825,IAFQBB71N607B,Alix,Castilljo,2/14/2000
827,CPHZML66T329O,Melinde,Farbrace,6/13/1973
829,LBUYKX85V116H,Christie,Oxtoby,12/30/1997
831,BHHFJW39S230U,Sherm,Satterley,12/17/1989
833,SAMTGL77M722C,Priscella,Isson,4/14/2003
835,SQCGAE38F468Y,Salvidor,Harner,6/1/1984
837,EMUQRZ21G025M,Olav,Gawen,9/7/1993
839,DMEVML98U218P,Val,Brittin,3/6/1974
841,WDHPSD50O330T,Dodi,Shewery,5/25/1988
843,TZABQU45X417G,Creight,Leimster,7/22/1999
845,ZFZHSG11Y380M,Marina,Layus,11/16/1976
847,FUSVGQ66B768M,Homer,Layland,12/26/1962
849,NFNVMA14F578S,Irwin,Lambis,4/5/1968
851,SGEHYE02K680Q,Arne,Camden,10/23/1989
853,AYDQPS56S316H,Johny,Willshear,6/15/1996
855,DBCCUD74W505A,Gunther,Aspenlon,1/21/1981
857,AXXXNF10V352V,Gertrud,Blincow,11/16/2000
859,AVZKXX96O410F,Shermie,Nalder,12/5/1992
861,AMCXGV32I705K,Serene,todor,7/15/1996
863,WEBWBN44Y152K,Peri,Hunton,1/16/1998
865,KOOZFH35Q552V,Avis,Van der Beek,9/13/1966
867,STUDMI93P249I,Bruno,Bakster,5/1/1991
869,BBEWQS47X417C,Aymer,Houtby,8/22/1965
871,VKWDVJ60E278X,Godfree,Aloshechkin,12/15/1984
873,UXADOX73W337G,Hesther,Jancik,5/17/1975
875,BZPUAK03Q443Q,Darlleen,Bruineman,9/29/1989
877,BIYLDI17F028C,Georgia,Abercrombie,1/27/1994
879,VQKGQK35S605A,Christyna,Gibbings,12/14/1979
881,RTEZDQ52H576B,Meaghan,Stead,3/6/1962
883,LZKDRH46J880Y,Wendel,Cordaroy,7/21/1978
885,PPNLNC59I990M,Lionello,Ondra,2/19/1989
887,VMAANN74O202R,Juline,Febry,1/8/1997
889,UIKROQ16A003K,Robin,Lamerton,1/31/2004
891,ZZILSJ66U838P,Ransell,Antoshin,11/23/1982
893,YSWRLA10J554L,Brand,Rhymes,8/6/1971
895,CWXXES90V589H,Pammie,Lording,4/25/1994
897,LBGYPM06O732A,Sandi,Wafer,12/2/1993
899,SXIXPG64B624X,Taite,Blees,5/22/1967
901,YFHMJF45H899K,Rosamund,McCluney,9/8/2000
903,QDFAUO65H400P,Jeri,Gantzman,8/6/1969
905,SKNDTC33M813N,Tiphani,Dando,7/20/1976
907,UCUKXJ35D718A,Stillmann,Banasik,9/15/1973
909,AZOHYN40O671P,Goldie,Padley,1/18/1993
911,MLAQHX89M019Y,Grissel,Karlqvist,2/16/2004
913,RFRCNR82E851I,Collette,Bussel,6/8/1970
915,UJLZKH38Z529M,Caria,Fairlam,12/7/1999
917,FXBGZZ52L949K,Ronalda,Wathey,11/15/1984
919,HXCEFL68I077E,Jolene,Peakman,2/4/2002
921,UJZRUA74K015P,Lois,Rowney,10/25/1969
923,DJZFOA93X234K,Dionisio,Houseman,2/26/1995
925,VJZXRD92R149O,Finley,Jodlowski,9/24/1978
927,VYBYSK38U287D,Marget,Avrasin,11/14/1989
929,VLXVPM25P235K,Burl,Top,5/10/1962
931,IUOPQH57R968X,Joleen,Gary,12/19/1970
933,RKYAGE72W354G,Lovell,Riddock,11/16/1997
935,ILBJVC84U622Q,Erwin,Perocci,1/8/1965
937,RSOUZV84Z927K,Rozelle,Joye,3/30/2006
939,YCALRU21Y216S,Calli,Blaxley,11/8/1989
941,YWWKPC42L506F,Mada,Harvatt,7/10/1996
943,XJWNCA89E863S,Brear,Rotham,7/23/1989
945,ENWPEV25Z160A,Sheilah,Copnell,2/4/1989
947,OZPUQZ88H161V,Emlyn,Turmell,8/3/2000
949,CMDULR29O281N,Hermy,Been,1/9/1964
951,YQUHWZ45Y081O,Simmonds,Kettlestringes,10/15/1996
953,DMFXLX83J899Y,Anatol,Vizard,3/3/1964
955,GDDFOF99A174S,Kriste,Dreher,4/19/1964
957,CRNXCI39Z079B,Meris,Solesbury,4/17/1970
959,NKPFBL11D869L,Gib,Van der Brugge,7/4/2005
961,JGBTUT16T357C,Goran,Rack,7/3/1999
963,LNKHON94G799Y,Angelique,Southway,10/22/1973
965,ZJJWZU85M508H,Roddie,Wallwork,1/16/1972
967,YMPHVT49M200E,Julissa,Stutte,9/14/1982
969,PYUSKZ50I344X,Dian,Baynes,3/5/2004
971,QKYSXX58G950K,Rowland,Soughton,8/6/1979
973,HBFHBQ99K393M,Anya,Laidler,7/14/1990
975,PDQKDK22Y323Z,Alisander,Greenstock,9/11/1971
977,CJHHXP30Z702E,Gloria,MacMearty,10/12/1977
979,ROIFFA19C597O,Tarrah,Vanni,2/21/1978
981,LTRIAZ36G186F,Geraldine,Simacek,12/24/1963
983,VKODJO61Y450A,Isaak,Doody,9/21/1978
985,FBEXJR14D431S,Roddie,Schiesterl,8/2/2004
987,XKSGGO40A566F,Rosemonde,Taile,4/17/1972
989,SOAQYU91X516M,Dall,Priestland,10/4/1969
991,UGFJPT61F816H,Babbie,Fallawe,2/10/1965
993,KIPRKH53D299W,Belita,Ornillos,3/18/1971
995,UPDHCT74N500Y,Freedman,Dunstone,4/8/1982
997,LSRDHW35I689V,Consuelo,Arends,5/6/2003
999,HPFCSD06N104P,Pietra,Diche,5/27/2004